"Metric","Min","Mean","Max","Variance","Kurtosis"
"Prox",-12.4999999854329,1601.51508007385,37042.2277281966,23706099.1632823,25.6515019451161
"Dist",-37.6549028488782,-8.63872167221384,59.8835094035009,328.007078855986,4.86446755592654
"Compart",-13.4850998669742,0.923162876384446,12.2148916874421,33.4584004751469,2.49674907347988
"ClusCoeff",-27.0833100729167,10.5295491087994,337.500136499999,3440.30681743911,17.5779388433529
"Flux",0.077955446902986,1.54564832775122,3.4102113016413,0.630861922971232,2.35492090778187
"Degree",-23.4375001464674,-7.19080347813495,25.7812507546875,102.821268889247,3.16688844235804
"Gyrate",-7.8776862498333,0.117099584025221,9.96418088617527,14.8225122774456,2.57493922644992
"BC",-12.499999475,Inf,Inf,NA,NA
"Cohesion",-0.172852699393243,-0.0583318550965527,0.18916880773605,0.00507617880147653,3.80604777459293
"BA",-12.4999954052197,10.3852301354114,152.161631235326,1083.70478144971,8.13005139527965
"AWGyrate",-2.88635548033977,0.183119318682986,10.7509296883685,8.18113413241993,4.35420803041563
"AWF",0.253007639861169,44.9588448647802,466.396478643626,3746.36826970317,23.8312501685844
"IIC",0.111630957488152,10.8267266194479,49.4490977004942,89.2888647424015,5.06918758523662
"PC",0.176008742917954,13.0493728376621,56.9371480063077,111.216865958872,5.29395522237271
"ECA",0.112789518288068,12.1484616983165,59.9961373831843,115.419309779233,5.96417143981533
"ProtConn",0.112789526686813,12.1484617096701,59.9961373805002,115.41930982305,5.9641714357696
"Prot",1.99993556389645,14.7118096566697,36.045937003137,50.42064751167,2.81924005809005
